bV,bV,ԍ,N,ʐ
54396655Fs{,Fs{55,1,2002.7.29,1~1
54396655Fs{,Fs{55,2,2002.7.29,1~1
54396655Fs{,Fs{55,3,2002.7.29,1~1
54396655Fs{,Fs{55,4,2002.7.29,1~1
54396655Fs{,Fs{55,5,2002.7.29,1~1
54396655Fs{,Fs{55,6,2002.7.29,1~1
54396655Fs{,Fs{55,7,2002.7.29,1~1
54396655Fs{,Fs{55,8,2002.7.29,1~1
54396655Fs{,Fs{55,9,2002.7.29,1~1
54396655Fs{,Fs{55,10,2002.7.29,1~1
54396655Fs{,Fs{55,11,2002.7.29,1~1
54396655Fs{,Fs{55,12,2002.7.29,1~1
54396655Fs{,Fs{55,13,2002.7.29,1~1
54396655Fs{,Fs{55,14,2002.7.29,1~1
54396655Fs{,Fs{55,15,2002.7.29,1~1
54396655Fs{,Fs{55,16,2002.7.29,1~1
54396655Fs{,Fs{55,17,2002.7.29,1~1
54396655Fs{,Fs{55,18,2002.7.29,1~1
54396655Fs{,Fs{55,A1,2002.7.29,0.5~2
54396655Fs{,Fs{55,A2,2002.7.29,0.4~2.5
54396655Fs{,Fs{55,A3,2002.7.29,0.7~1.45
54396655Fs{,Fs{55,A4,2002.7.29,0.6~1.65
54396655Fs{,Fs{55,A5,2002.7.29,0.6~1.65
54396655Fs{,Fs{55,J1,2002.7.29,10~10
54396655Fs{,Fs{55,J2,2002.7.29,10~10
54406059GR,GR59,1,2002.7.30,1~1
54406059GR,GR59,2,2002.7.30,1~1
54406059GR,GR59,3,2002.7.30,1~1
54406059GR,GR59,4,2002.7.30,1~1
54406059GR,GR59,5,2002.7.30,1~1
54406059GR,GR59,6,2002.7.30,1~1
54406059GR,GR59,7,2002.7.30,1~1
54406059GR,GR59,8,2002.7.30,1~1
54406059GR,GR59,9,2002.7.30,1~1
54406059GR,GR59,10,2002.7.30,1~1
54406059GR,GR59,11,2002.7.30,1~1
54406059GR,GR59,12,2002.7.30,1~1
54406059GR,GR59,13,2002.7.30,1~1
54406059GR,GR59,14,2002.7.30,1~1
54406059GR,GR59,15,2002.7.30,1~1
54406059GR,GR59,16,2002.7.30,1~1
54406059GR,GR59,17,2002.7.30,1~1
54406059GR,GR59,18,2002.7.30,1~1
54406059GR,GR59,19,2002.7.30,1~1
54406059GR,GR59,20,2002.7.30,1~1
54406059GR,GR59,21,2002.7.30,1~1
54406059GR,GR59,A5,2002.7.30,0.5~2
54406059GR,GR59,A1,2002.7.30,0.5~2
54406059GR,GR59,A2,2002.7.30,0.5~2
54406059GR,GR59,A3,2002.7.30,0.5~2
54406059GR,GR59,A4,2002.7.30,0.5~2
54406059GR,GR59,S3,2002.7.30,1~1
54406059GR,GR59,S1,2002.7.30,1~1
54406059GR,GR59,S2,2002.7.30,1~1
54406059GR,GR59,J1,2002.7.30,10~10
54406059GR,GR59,J2,2002.7.30,10~10
54392542É,É42,1,2002.7.30,1~1
54392542É,É42,2,2002.7.30,1~1
54392542É,É42,3,2002.7.30,1~1
54392542É,É42,4,2002.7.30,1~1
54392542É,É42,5,2002.7.30,1~1
54392542É,É42,6,2002.7.30,1~1
54392542É,É42,7,2002.7.30,1~1
54392542É,É42,8,2002.7.30,1~1
54392542É,É42,9,2002.7.30,1~1
54392542É,É42,10,2002.7.30,1~1
54392542É,É42,11,2002.7.30,1~1
54392542É,É42,12,2002.7.30,1~1
54392542É,É42,13,2002.7.30,1~1
54392542É,É42,14,2002.7.30,1~1
54392542É,É42,15,2002.7.30,1~1
54392542É,É42,16,2002.7.30,1~1
54392542É,É42,17,2002.7.30,1~1
54392542É,É42,18,2002.7.30,1~1
54392542É,É42,A1,2002.7.30,0.5~2
54392542É,É42,A2,2002.7.30,0.33~3
54392542É,É42,A3,2002.7.30,0.33~3
54392542É,É42,A4,2002.7.30,0.33~3
54392542É,É42,A5,2002.7.30,0.33~3
54391512,12,1,2002.7.30,1~1
54391512,12,2,2002.7.30,1~1
54391512,12,3,2002.7.30,1~1
54391512,12,4,2002.7.30,1~1
54391512,12,5,2002.7.30,1~1
54391512,12,6,2002.7.30,1~1
54391512,12,7,2002.7.30,1~1
54391512,12,8,2002.7.30,1~1
54391512,12,9,2002.7.30,1~1
54391512,12,10,2002.7.30,1~1
54391512,12,11,2002.7.30,1~1
54391512,12,12,2002.7.30,1~1
54391512,12,13,2002.7.30,1~1
54391512,12,14,2002.7.30,1~1
54391512,12,15,2002.7.30,1~1
54391512,12,16,2002.7.30,1~1
54391512,12,17,2002.7.30,1~1
54391512,12,18,2002.7.30,1~1
54391512,12,A1,2002.7.30,0.4~2.5
54391512,12,A2,2002.7.30,0.3~3.3
54391512,12,A3,2002.7.30,0.8~1.25
54391512,12,A4,2002.7.30,0.4~2.5
54391512,12,A5,2002.7.30,0.3~3.3
54390426,26,1,2002.7.31,1~1
54390426,26,2,2002.7.31,1~1
54390426,26,3,2002.7.31,1~1
54390426,26,4,2002.7.31,1~1
54390426,26,5,2002.7.31,1~1
54390426,26,6,2002.7.31,1~1
54390426,26,7,2002.7.31,1~1
54390426,26,8,2002.7.31,1~1
54390426,26,9,2002.7.31,1~1
54390426,26,10,2002.7.31,1~1
54390426,26,11,2002.7.31,1~1
54390426,26,12,2002.7.31,1~1
54390426,26,13,2002.7.31,1~1
54390426,26,14,2002.7.31,1~1
54390426,26,15,2002.7.31,1~1
54390426,26,16,2002.7.31,1~1
54390426,26,17,2002.7.31,1~1
54390426,26,18,2002.7.31,1~1
54390435,35,A1,2002.7.29,0.4~2.5
54390435,35,A2,2002.7.29,0.3~3.3
54390435,35,A3,2002.7.29,0.4~2.5
54390435,35,A4,2002.7.29,0.3~3.3
54390435,35,A5,2002.7.29,0.4~2.5
53406350,50,1,2002.7.24,1~1
53406350,50,2,2002.7.24,1~1
53406350,50,3,2002.7.24,1~1
53406350,50,4,2002.7.24,1~1
53406350,50,5,2002.7.24,1~1
53406350,50,6,2002.7.24,1~1
53406350,50,7,2002.7.24,1~1
53406350,50,8,2002.7.24,1~1
53406350,50,9,2002.7.24,1~1
53406350,50,10,2002.7.24,1~1
53406350,50,11,2002.7.24,1~1
53406350,50,12,2002.7.24,1~1
53406350,50,13,2002.7.24,1~1
53406350,50,14,2002.7.24,1~1
53406350,50,15,2002.7.24,1~1
53406350,50,16,2002.7.24,1~1
53406350,50,17,2002.7.24,1~1
53406350,50,18,2002.7.24,1~1
53406350,50,A1,2002.7.24,0.5~2
53406350,50,A2,2002.7.24,0.5~2
53406350,50,A3,2002.7.24,0.5~2
53406350,50,A4,2002.7.24,0.5~2
53406350,50,A5,2002.7.24,0.5~2
53406350,50,S1,2002.7.24,1~1
53406350,50,S2,2002.7.24,1~1
53406350,50,S3,2002.7.24,1~1
53406350,50,J1,2002.7.24,10~10
53404124q,q24,1,2002.7.23,1~1
53404124q,q24,2,2002.7.23,1~1
53404124q,q24,3,2002.7.23,1~1
53404124q,q24,4,2002.7.23,1~1
53404124q,q24,5,2002.7.23,1~1
53404124q,q24,6,2002.7.23,1~1
53404124q,q24,7,2002.7.23,1~1
53404124q,q24,8,2002.7.23,1~1
53404124q,q24,9,2002.7.23,1~1
53404124q,q24,10,2002.7.23,1~1
53404124q,q24,11,2002.7.23,1~1
53404124q,q24,12,2002.7.23,1~1
53404124q,q24,13,2002.7.23,1~1
53404124q,q24,14,2002.7.23,1~1
53404124q,q24,15,2002.7.23,1~1
53404124q,q24,16,2002.7.23,1~1
53404124q,q24,17,2002.7.23,1~1
53404124q,q24,18,2002.7.23,1~1
53404124q,q24,A1,2002.7.23,0.5~2
53404124q,q24,A2,2002.7.23,0.5~2
53404124q,q24,A3,2002.7.23,0.5~2
53404124q,q24,A4,2002.7.23,0.5~2
53404124q,q24,A5,2002.7.23,0.5~2
53404124q,q24,S1,2002.7.23,1~1
53404124q,q24,S2,2002.7.23,1~1
53404124q,q24,S3,2002.7.23,1~1
53404124q,q24,J1,2002.7.23,10~10
54392720R,R20,1,2002.7.24,1~1
54392720R,R20,2,2002.7.24,1~1
54392720R,R20,3,2002.7.24,1~1
54392720R,R20,4,2002.7.24,1~1
54392720R,R20,5,2002.7.24,1~1
54392720R,R20,6,2002.7.24,1~1
54392720R,R20,7,2002.7.24,1~1
54392720R,R20,8,2002.7.24,1~1
54392720R,R20,9,2002.7.25,1~1
54392720R,R20,10,2002.7.24,1~1
54392720R,R20,11,2002.7.25,1~1
54392720R,R20,12,2002.7.25,1~1
54392720R,R20,13,2002.7.25,1~1
54392720R,R20,14,2002.7.25,1~1
54392720R,R20,15,2002.7.25,1~1
54392720R,R20,16,2002.7.24,1~1
54392720R,R20,17,2002.7.25,1~1
54392720R,R20,18,2002.7.25,1~1
54392720R,R20,A1,2002.7.25,1~1
54392720R,R20,A2,2002.7.25,1~1
54392720R,R20,A3,2002.7.25,1~1
54392720R,R20,A4,2002.7.25,1~1
54392720R,R20,A5,2002.7.25,1~1
54392720R,R20,J1,2002.7.25,10~10
54392720R,R20,J2,2002.7.25,10~10
54393672R,R72,1,20003.7.28,1~1
54393672R,R72,2,20003.7.28,1~1
54393672R,R72,3,20003.7.28,1~1
54393672R,R72,4,20003.7.28,1~1
54393672R,R72,5,20003.7.28,1~1
54393672R,R72,6,20003.7.28,1~1
54393672R,R72,7,20003.7.28,1~1
54393672R,R72,8,20003.7.28,1~1
54393672R,R72,9,20003.7.28,1~1
54393672R,R72,10,20003.7.28,1~1
54393672R,R72,11,20003.7.28,1~1
54393672R,R72,12,20003.7.28,1~1
54393672R,R72,13,20003.7.28,1~1
54393672R,R72,14,20003.7.28,1~1
54393672R,R72,15,20003.7.28,1~1
54393672R,R72,16,20003.7.29,1~1
54393672R,R72,17,20003.7.29,1~1
54393672R,R72,18,20003.7.29,1~1
54393672R,R72,A1,20003.7.29,0.4~2.5
54393672R,R72,A2,20003.7.29,0.4~2.5
54393672R,R72,A3,20003.7.29,0.4~2.5
54393672R,R72,A4,20003.7.29,0.3~3.3
54393672R,R72,A5,20003.7.29,0.3~3.3
54384796YR,YR96,1,2002.7.28,1~1
54384796YR,YR96,2,2002.7.28,1~1
54384796YR,YR96,3,2002.7.28,1~1
54384796YR,YR96,4,2002.7.28,1~1
54384796YR,YR96,5,2002.7.28,1~1
54384796YR,YR96,6,2002.7.28,1~1
54384796YR,YR96,7,2002.7.28,1~1
54384796YR,YR96,8,2002.7.28,1~1
54384796YR,YR96,9,2002.7.28,1~1
54384796YR,YR96,10,2002.7.28,1~1
54384796YR,YR96,11,2002.7.28,1~1
54384796YR,YR96,12,2002.7.28,1~1
54384796YR,YR96,13,2002.7.28,1~1
54384796YR,YR96,14,2002.7.28,1~1
54384796YR,YR96,15,2002.7.28,1~1
54384796YR,YR96,16,2002.7.28,1~1
54384796YR,YR96,17,2002.7.28,1~1
54384796YR,YR96,18,2002.7.28,1~1
54384796YR,YR96,A1,2002.7.28,0.5~2
54384796YR,YR96,A2,2002.7.28,1~1
54384796YR,YR96,A3,2002.7.28,1~1
54384796YR,YR96,A4,2002.7.28,1~1
54384796YR,YR96,A5,2002.7.28,1~1
54384796YR,YR96,S1,2002.7.28,1~1
54384796YR,YR96,S2,2002.7.28,1~1
54384796YR,YR96,S3,2002.7.28,1~1
54392227[J,[J27,1,2002.7.29,1~1
54392227[J,[J27,2,2002.7.29,1~1
54392227[J,[J27,3,2002.7.29,1~1
54392227[J,[J27,4,2002.7.29,1~1
54392227[J,[J27,5,2002.7.29,1~1
54392227[J,[J27,6,2002.7.29,1~1
54392227[J,[J27,7,2002.7.29,1~1
54392227[J,[J27,8,2002.7.29,1~1
54392227[J,[J27,9,2002.7.29,1~1
54392227[J,[J27,10,2002.7.29,1~1
54392227[J,[J27,11,2002.7.29,1~1
54392227[J,[J27,12,2002.7.29,1~1
54392227[J,[J27,13,2002.7.29,1~1
54392227[J,[J27,14,2002.7.29,1~1
54392227[J,[J27,15,2002.7.29,1~1
54392227[J,[J27,16,2002.7.29,1~1
54392227[J,[J27,17,2002.7.29,1~1
54392227[J,[J27,18,2002.7.29,1~1
54392227[J,[J27,A1,2002.7.29,0.5~2
54392227[J,[J27,A2,2002.7.29,0.5~2
54392227[J,[J27,A3,2002.7.29,0.5~2
54392227[J,[J27,A4,2002.7.29,0.5~2
54392227[J,[J27,A5,2002.7.29,0.5~2
54393286[J,[J86,1,2002.7.31,1~1
54393286[J,[J86,2,2002.7.31,1~1
54393286[J,[J86,3,2002.7.31,1~1
54393286[J,[J86,4,2002.7.31,1~1
54393286[J,[J86,5,2002.7.31,1~1
54393286[J,[J86,6,2002.7.31,1~1
54393286[J,[J86,7,2002.7.31,1~1
54393286[J,[J86,8,2002.7.31,1~1
54393286[J,[J86,9,2002.7.31,1~1
54393286[J,[J86,10,2002.7.31,1~1
54393286[J,[J86,11,2002.7.31,1~1
54393286[J,[J86,12,2002.7.31,1~1
54393286[J,[J86,13,2002.7.31,1~1
54393286[J,[J86,14,2002.7.31,1~1
54393286[J,[J86,15,2002.7.31,1~1
54393286[J,[J86,16,2002.7.31,1~1
54393286[J,[J86,17,2002.7.31,1~1
54393286[J,[J86,18,2002.7.31,1~1
54393286[J,[J86,A1,2002.7.31,1~1
54393286[J,[J86,A2,2002.7.31,0.5~2
54393286[J,[J86,A3,2002.7.31,0.5~2
54393286[J,[J86,A4,2002.7.31,1~1
54393286[J,[J86,A5,2002.7.31,0.5~2
54402118^,^18,1,2002.7.22,1~1
54402118^,^18,2,2002.7.22,1~1
54402118^,^18,3,2002.7.22,1~1
54402118^,^18,4,2002.7.22,1~1
54402118^,^18,5,2002.7.22,1~1
54402118^,^18,6,2002.7.22,1~1
54402118^,^18,7,2002.7.22,1~1
54402118^,^18,8,2002.7.22,1~1
54402118^,^18,9,2002.7.22,1~1
54402118^,^18,10,2002.7.22,1~1
54402118^,^18,11,2002.7.22,1~1
54402118^,^18,12,2002.7.22,1~1
54402118^,^18,13,2002.7.22,1~1
54402118^,^18,14,2002.7.22,1~1
54402118^,^18,15,2002.7.22,1~1
54402118^,^18,16,2002.7.22,1~1
54402118^,^18,17,2002.7.22,1~1
54402118^,^18,18,2002.7.22,1~1
54402118^,^18,A1,2002.7.22,0.4~2.5
54402118^,^18,A2,2002.7.22,0.5~2
54402118^,^18,A3,2002.7.22,0.5~2
54402118^,^18,A4,2002.7.22,0.7~1.45
54402118^,^18,A5,2002.7.22,0.5~2
54403020^,^20,1,2002.7.24,1~1
54403020^,^20,2,2002.7.24,1~1
54403020^,^20,3,2002.7.24,1~1
54403020^,^20,4,2002.7.24,1~1
54403020^,^20,5,2002.7.24,1~1
54403020^,^20,6,2002.7.24,1~1
54403020^,^20,7,2002.7.24,1~1
54403020^,^20,8,2002.7.24,1~1
54403020^,^20,9,2002.7.24,1~1
54403020^,^20,10,2002.7.25,1~1
54403020^,^20,11,2002.7.25,1~1
54403020^,^20,12,2002.7.25,1~1
54403020^,^20,13,2002.7.25,1~1
54403020^,^20,14,2002.7.25,1~1
54403020^,^20,15,2002.7.25,1~1
54403020^,^20,16,2002.7.25,1~1
54403020^,^20,17,2002.7.25,1~1
54403020^,^20,18,2002.7.25,1~1
54403020^,^20,A1,2002.7.25,0.5~2
54403136^,^36,1,2002.7.23,1~1
54403136^,^36,2,2002.7.23,1~1
54403136^,^36,3,2002.7.23,1~1
54403136^,^36,4,2002.7.23,1~1
54403136^,^36,5,2002.7.23,1~1
54403136^,^36,6,2002.7.23,1~1
54403136^,^36,7,2002.7.23,1~1
54403136^,^36,8,2002.7.23,1~1
54403136^,^36,9,2002.7.23,1~1
54403136^,^36,10,2002.7.23,1~1
54403136^,^36,11,2002.7.23,1~1
54403136^,^36,12,2002.7.23,1~1
54403136^,^36,13,2002.7.23,1~1
54403136^,^36,14,2002.7.23,1~1
54403136^,^36,15,2002.7.23,1~1
54403136^,^36,16,2002.7.23,1~1
54403136^,^36,17,2002.7.23,1~1
54403136^,^36,18,2002.7.23,1~1
54403136^,^36,A1,2002.7.23,0.5~2
54403136^,^36,A2,2002.7.23,0.5~2
54403136^,^36,A3,2002.7.23,0.5~2
54403136^,^36,A4,2002.7.23,0.5~2
54403136^,^36,A5,2002.7.23,0.5~2
54403136^,^36,S1,2002.7.23,1~1
54403136^,^36,S2,2002.7.23,1~1
54403136^,^36,J1,2002.7.23,10~10
54403136^,^36,J2,2002.7.23,10~10
54403092^,^92,1,2002.7.24,1~1
54403092^,^92,2,2002.7.24,1~1
54403092^,^92,3,2002.7.24,1~1
54403092^,^92,4,2002.7.24,1~1
54403092^,^92,5,2002.7.24,1~1
54403092^,^92,6,2002.7.24,1~1
54403092^,^92,7,2002.7.24,1~1
54403092^,^92,8,2002.7.24,1~1
54403092^,^92,9,2002.7.24,1~1
54403092^,^92,10,2002.7.24,1~1
54403092^,^92,11,2002.7.24,1~1
54403092^,^92,12,2002.7.24,1~1
54403092^,^92,13,2002.7.24,1~1
54403092^,^92,14,2002.7.24,1~1
54403092^,^92,15,2002.7.24,1~1
54403092^,^92,16,2002.7.24,1~1
54403092^,^92,17,2002.7.24,1~1
54403092^,^92,18,2002.7.24,1~1
54403092^,^92,A1,2002.7.24,0.3~3.3
54403092^,^92,A2,2002.7.24,0.4~2.5
54403092^,^92,A3,2002.7.24,0.4~2.5
54403092^,^92,A4,2002.7.24,0.4~2.5
54403092^,^92,A5,2002.7.24,0.4~2.5
54391624C,C24,1,2002.7.31,1~1
54391624C,C24,2,2002.7.31,1~1
54391624C,C24,3,2002.7.31,1~1
54391624C,C24,4,2002.7.31,1~1
54391624C,C24,5,2002.7.31,1~1
54391624C,C24,6,2002.7.31,1~1
54391624C,C24,7,2002.7.31,1~1
54391624C,C24,8,2002.7.31,1~1
54391624C,C24,9,2002.7.31,1~1
54391624C,C24,10,2002.7.31,1~1
54391624C,C24,11,2002.7.31,1~1
54391624C,C24,12,2002.7.31,1~1
54391624C,C24,13,2002.7.31,1~1
54391624C,C24,14,2002.7.31,1~1
54391624C,C24,15,2002.7.31,1~1
54391624C,C24,16,2002.7.31,1~1
54391624C,C24,17,2002.7.31,1~1
54391624C,C24,18,2002.7.31,1~1
54391624C,C24,A1,2002.7.31,0.33~3
54391624C,C24,A2,2002.7.31,0.33~3
54391624C,C24,A3,2002.7.31,0.33~3
54391624C,C24,A4,2002.7.31,0.5~2
54391624C,C24,A5,2002.7.31,0.5~2
54391776C,C76,1,2002.7.24,1~1
54391776C,C76,2,2002.7.24,1~1
54391776C,C76,3,2002.7.24,1~1
54391776C,C76,4,2002.7.24,1~1
54391776C,C76,5,2002.7.24,1~1
54391776C,C76,6,2002.7.24,1~1
54391776C,C76,7,2002.7.24,1~1
54391776C,C76,8,2002.7.24,1~1
54391776C,C76,9,2002.7.24,1~1
54391776C,C76,10,2002.7.24,1~1
54391776C,C76,11,2002.7.24,1~1
54391776C,C76,12,2002.7.24,1~1
54391776C,C76,13,2002.7.24,1~1
54391776C,C76,14,2002.7.24,1~1
54391776C,C76,15,2002.7.24,1~1
54391776C,C76,16,2002.7.24,1~1
54391776C,C76,17,2002.7.24,1~1
54391776C,C76,18,2002.7.24,1~1
54391776C,C76,A1,2002.7.24,0.5~2
54391776C,C76,A2,2002.7.24,0.5~2
54391776C,C76,A3,2002.7.24,0.5~2
54391776C,C76,A4,2002.7.24,0.5~2
54391776C,C76,A5,2002.7.24,0.5~2
54391776C,C76,S1,2002.7.24,1~1
54391776C,C76,S2,2002.7.24,1~1
54391776C,C76,S3,2002.7.24,1~1
54391776C,C76,J1,2002.7.24,1~1
54391776C,C76,J2,2002.7.24,1~1
53405210c,c10,A1,2002.7.23,0.5~2
53405210c,c10,A2,2002.7.23,0.5~2
53405210c,c10,A3,2002.7.23,0.5~2
53405210c,c10,A4,2002.7.23,0.5~2
53405210c,c10,A5,2002.7.23,0.5~2
53405265c,c65,1,2002.7.25,1~1
53405265c,c65,2,2002.7.25,1~1
53405265c,c65,3,2002.7.25,1~1
53405265c,c65,4,2002.7.25,1~1
53405265c,c65,5,2002.7.25,1~1
53405265c,c65,6,2002.7.25,1~1
53405265c,c65,7,2002.7.25,1~1
53405265c,c65,8,2002.7.25,1~1
53405265c,c65,9,2002.7.25,1~1
53405265c,c65,10,2002.7.25,1~1
53405265c,c65,11,2002.7.25,1~1
53405265c,c65,12,2002.7.25,1~1
53405265c,c65,13,2002.7.25,1~1
53405265c,c65,14,2002.7.25,1~1
53405265c,c65,15,2002.7.25,1~1
53405265c,c65,16,2002.7.25,1~1
53405265c,c65,17,2002.7.25,1~1
53405265c,c65,18,2002.7.25,1~1
53405265c,c65,A1,2002.7.25,0.5~2
53405265c,c65,A2,2002.7.25,0.5~2
53405265c,c65,A3,2002.7.25,0.5~2
53405265c,c65,A4,2002.7.25,0.5~2
53405265c,c65,A5,2002.7.25,0.5~2
54395115O,O15,1,2002.7.30,1~1
54395115O,O15,2,2002.7.30,1~1
54395115O,O15,3,2002.7.30,1~1
54395115O,O15,4,2002.7.30,1~1
54395115O,O15,5,2002.7.30,1~1
54395115O,O15,6,2002.7.30,1~1
54395115O,O15,7,2002.7.30,1~1
54395115O,O15,8,2002.7.30,1~1
54395115O,O15,9,2002.7.30,1~1
54395115O,O15,10,2002.7.30,1~1
54395115O,O15,11,2002.7.30,1~1
54395115O,O15,12,2002.7.30,1~1
54395115O,O15,13,2002.7.30,1~1
54395115O,O15,14,2002.7.30,1~1
54395115O,O15,15,2002.7.30,1~1
54395115O,O15,16,2002.7.30,1~1
54395115O,O15,17,2002.7.30,1~1
54395115O,O15,18,2002.7.30,1~1
54395115O,O15,A1,2002.7.30,1~1
54395115O,O15,A2,2002.7.30,1~1
54395115O,O15,A3,2002.7.30,0.5~2
54395115O,O15,A4,2002.7.30,1~1
54395115O,O15,A5,2002.7.30,1~1
54394083O,O83,1,2002.7.29,1~1
54394083O,O83,2,2002.7.29,1~1
54394083O,O83,3,2002.7.29,1~1
54394083O,O83,4,2002.7.29,1~1
54394083O,O83,5,2002.7.29,1~1
54394083O,O83,6,2002.7.29,1~1
54394083O,O83,7,2002.7.29,1~1
54394083O,O83,8,2002.7.29,1~1
54394083O,O83,9,2002.7.29,1~1
54394083O,O83,10,2002.7.29,1~1
54394083O,O83,11,2002.7.29,1~1
54394083O,O83,12,2002.7.29,1~1
54394083O,O83,13,2002.7.29,1~1
54394083O,O83,14,2002.7.29,1~1
54394083O,O83,15,2002.7.29,1~1
54394083O,O83,16,2002.7.29,1~1
54394083O,O83,17,2002.7.29,1~1
54394083O,O83,18,2002.7.29,1~1
54394083O,O83,A1,2002.7.29,1~1
54394083O,O83,A2,2002.7.29,1~1
54394083O,O83,A3,2002.7.29,0.5~2
54394083O,O83,A4,2002.7.29,1~1
54394083O,O83,A5,2002.7.29,1~1
54394083O,O83,S1,2002.7.29,1~1
53397553{,{53,1,2002.7.28,1~1
53397553{,{53,2,2002.7.28,1~1
53397553{,{53,3,2002.7.28,1~1
53397553{,{53,4,2002.7.28,1~1
53397553{,{53,5,2002.7.28,1~1
53397553{,{53,6,2002.7.28,1~1
53397553{,{53,7,2002.7.28,1~1
53397553{,{53,8,2002.7.28,1~1
53397553{,{53,9,2002.7.28,1~1
53397553{,{53,10,2002.7.28,1~1
53397553{,{53,11,2002.7.28,1~1
53397553{,{53,12,2002.7.28,1~1
53397553{,{53,13,2002.7.28,1~1
53397553{,{53,14,2002.7.28,1~1
53397553{,{53,15,2002.7.28,1~1
53397553{,{53,16,2002.7.28,1~1
53397553{,{53,17,2002.7.28,1~1
53397553{,{53,18,2002.7.28,1~1
53397553{,{53,A1,2002.7.28,0.3~3.3
53397553{,{53,A2,2002.7.28,0.25~4
53397553{,{53,A3,2002.7.28,0.3~3.3
53397553{,{53,A4,2002.7.28,0.25~4
53397553{,{53,A5,2002.7.28,0.3~3.3
53397553{,{53,J1,2002.7.28,10~10
53397553{,{53,J2,2002.7.28,10~10
53407570,70,1,2002.7.24,1~1
53407570,70,2,2002.7.24,1~1
53407570,70,3,2002.7.24,1~1
53407570,70,4,2002.7.24,1~1
53407570,70,5,2002.7.24,1~1
53407570,70,6,2002.7.24,1~1
53407570,70,7,2002.7.24,1~1
53407570,70,8,2002.7.24,1~1
53407570,70,9,2002.7.24,1~1
53407570,70,10,2002.7.24,1~1
53407570,70,11,2002.7.24,1~1
53407570,70,12,2002.7.24,1~1
53407570,70,13,2002.7.24,1~1
53407570,70,14,2002.7.24,1~1
53407570,70,15,2002.7.24,1~1
53407570,70,16,2002.7.24,1~1
53407570,70,17,2002.7.24,1~1
53407570,70,18,2002.7.24,1~1
53407570,70,19,2002.7.24,1~1
53407570,70,20,2002.7.24,1~1
53407570,70,21,2002.7.24,1~1
53407570,70,22,2002.7.24,1~1
53407570,70,23,2002.7.24,1~1
53407570,70,24,2002.7.24,1~1
53407570,70,A1,2002.7.23,0.5~2
53407570,70,A2,2002.7.23,0.5~2
53407570,70,A3,2002.7.23,0.5~2
53407570,70,A4,2002.7.23,0.5~2
53407570,70,A5,2002.7.23,0.5~2
53407570,70,S1,2002.7.23,0.5~2
53407570,70,S2,2002.7.23,1~1
53407570,70,S3,2002.7.23,1~1
54400108yY,yY08,1,2002.7.22,1~1
54400108yY,yY08,2,2002.7.22,1~1
54400108yY,yY08,3,2002.7.22,1~1
54400108yY,yY08,4,2002.7.22,1~1
54400108yY,yY08,5,2002.7.22,1~1
54400108yY,yY08,6,2002.7.22,1~1
54400108yY,yY08,7,2002.7.22,1~1
54400108yY,yY08,8,2002.7.22,1~1
54400108yY,yY08,9,2002.7.22,1~1
54400108yY,yY08,10,2002.7.22,1~1
54400108yY,yY08,11,2002.7.22,1~1
54400108yY,yY08,12,2002.7.22,1~1
54400108yY,yY08,13,2002.7.22,1~1
54400108yY,yY08,14,2002.7.22,1~1
54400108yY,yY08,15,2002.7.22,1~1
54400108yY,yY08,16,2002.7.22,1~1
54400108yY,yY08,17,2002.7.22,1~1
54400108yY,yY08,18,2002.7.22,1~1
54400108yY,yY08,A1,2002.7.22,1~1
54400108yY,yY08,A2,2002.7.22,1~1
54400108yY,yY08,A3,2002.7.22,1~1
54400108yY,yY08,A4,2002.7.22,1~1
54400108yY,yY08,A5,2002.7.22,1~1
54400108yY,yY08,S1,2002.7.22,1~1
54400108yY,yY08,S2,2002.7.22,1~1
54400108yY,yY08,S3,2002.7.22,1~1
54400108yY,yY08,J1,2002.7.22,10~10
54400108yY,yY08,J2,2002.7.22,10~10
54401048yY,yY48,1,2002.7.23,1~1
54401048yY,yY48,2,2002.7.23,1~1
54401048yY,yY48,3,2002.7.23,1~1
54401048yY,yY48,4,2002.7.23,1~1
54401048yY,yY48,5,2002.7.23,1~1
54401048yY,yY48,6,2002.7.23,1~1
54401048yY,yY48,7,2002.7.23,1~1
54401048yY,yY48,8,2002.7.23,1~1
54401048yY,yY48,9,2002.7.23,1~1
54401048yY,yY48,10,2002.7.23,1~1
54401048yY,yY48,11,2002.7.23,1~1
54401048yY,yY48,12,2002.7.23,1~1
54401048yY,yY48,13,2002.7.23,1~1
54401048yY,yY48,14,2002.7.23,1~1
54401048yY,yY48,15,2002.7.23,1~1
54401048yY,yY48,16,2002.7.23,1~1
54401048yY,yY48,17,2002.7.23,1~1
54401048yY,yY48,18,2002.7.23,1~1
54401048yY,yY48,A1,2002.7.23,1~1
54401048yY,yY48,A2,2002.7.23,1~1
54401048yY,yY48,A3,2002.7.23,1~1
54401048yY,yY48,A4,2002.7.23,1~1
54401048yY,yY48,A5,2002.7.23,1~1
54401048yY,yY48,S1,2002.7.23,1~1
54401048yY,yY48,S2,2002.7.23,1~1
54401048yY,yY48,S3,2002.7.23,1~1
54401048yY,yY48,J1,2002.7.23,10~10
54401048yY,yY48,J2,2002.7.23,1~1
54400052yY,yY52,1,2002.7.23,1~1
54400052yY,yY52,2,2002.7.23,1~1
54400052yY,yY52,3,2002.7.23,1~1
54400052yY,yY52,4,2002.7.23,1~1
54400052yY,yY52,5,2002.7.23,1~1
54400052yY,yY52,6,2002.7.23,1~1
54400052yY,yY52,7,2002.7.23,1~1
54400052yY,yY52,8,2002.7.23,1~1
54400052yY,yY52,9,2002.7.23,1~1
54400052yY,yY52,10,2002.7.23,1~1
54400052yY,yY52,11,2002.7.23,1~1
54400052yY,yY52,12,2002.7.23,1~1
54400052yY,yY52,13,2002.7.23,1~1
54400052yY,yY52,14,2002.7.23,1~1
54400052yY,yY52,15,2002.7.23,1~1
54400052yY,yY52,16,2002.7.23,1~1
54400052yY,yY52,17,2002.7.23,1~1
54400052yY,yY52,18,2002.7.23,1~1
54400052yY,yY52,A1,2002.7.23,0.4~2.5
54400052yY,yY52,A2,2002.7.23,0.4~2.5
54400052yY,yY52,A3,2002.7.23,0.5~2
54400052yY,yY52,A4,2002.7.23,0.4~2.5
54400052yY,yY52,A5,2002.7.23,0.7~1.5
54400052yY,yY52,J1,2002.7.23,10~10
54400052yY,yY52,J2,2002.7.23,10~10
54401163yY,yY63,1,2002.7.22,1~1
54401163yY,yY63,2,2002.7.22,1~1
54401163yY,yY63,3,2002.7.22,1~1
54401163yY,yY63,4,2002.7.22,1~1
54401163yY,yY63,5,2002.7.22,1~1
54401163yY,yY63,6,2002.7.22,1~1
54401163yY,yY63,7,2002.7.22,1~1
54401163yY,yY63,8,2002.7.22,1~1
54401163yY,yY63,9,2002.7.22,1~1
54401163yY,yY63,10,2002.7.22,1~1
54401163yY,yY63,11,2002.7.22,1~1
54401163yY,yY63,12,2002.7.22,1~1
54401163yY,yY63,13,2002.7.22,1~1
54401163yY,yY63,14,2002.7.22,1~1
54401163yY,yY63,15,2002.7.22,1~1
54401163yY,yY63,16,2002.7.22,1~1
54401163yY,yY63,17,2002.7.22,1~1
54401163yY,yY63,18,2002.7.22,1~1
54401163yY,yY63,A1,2002.7.22,1~1
54401163yY,yY63,A2,2002.7.22,1~1
54401163yY,yY63,A3,2002.7.22,1~1
54401163yY,yY63,A4,2002.7.22,1~1
54401163yY,yY63,A5,2002.7.22,1~1
54401163yY,yY63,J1,2002.9.25,10~10
54401163yY,yY63,J2,2002.9.25,10~10
54394455Ȗ,Ȗ55,1,2002.7.28,1~1
54394455Ȗ,Ȗ55,2,2002.7.28,1~1
54394455Ȗ,Ȗ55,3,2002.7.28,1~1
54394455Ȗ,Ȗ55,4,2002.7.28,1~1
54394455Ȗ,Ȗ55,5,2002.7.28,1~1
54394455Ȗ,Ȗ55,6,2002.7.28,1~1
54394455Ȗ,Ȗ55,7,2002.7.28,1~1
54394455Ȗ,Ȗ55,8,2002.7.28,1~1
54394455Ȗ,Ȗ55,9,2002.7.28,1~1
54394455Ȗ,Ȗ55,10,2002.7.28,1~1
54394455Ȗ,Ȗ55,11,2002.7.28,1~1
54394455Ȗ,Ȗ55,12,2002.7.28,1~1
54394455Ȗ,Ȗ55,13,2002.7.28,1~1
54394455Ȗ,Ȗ55,14,2002.7.28,1~1
54394455Ȗ,Ȗ55,15,2002.7.28,1~1
54394455Ȗ,Ȗ55,16,2002.7.28,1~1
54394455Ȗ,Ȗ55,17,2002.7.28,1~1
54394455Ȗ,Ȗ55,18,2002.7.28,1~1
54394455Ȗ,Ȗ55,A1,2002.7.28,0.3~3.3
54394455Ȗ,Ȗ55,A2,2002.7.28,0.3~3.3
54394455Ȗ,Ȗ55,A3,2002.7.28,0.3~3.3
54394455Ȗ,Ȗ55,A4,2002.7.28,0.3~3.3
54394455Ȗ,Ȗ55,A5,2002.7.28,0.3~3.3
54394455Ȗ,Ȗ55,J1,2002.7.28,10~10
54394455Ȗ,Ȗ55,J2,2002.7.28,10~10
53396781c,c81,1,2002.7.31,1~1
53396781c,c81,2,2002.7.31,1~1
53396781c,c81,3,2002.7.31,1~1
53396781c,c81,4,2002.7.31,1~1
53396781c,c81,5,2002.7.31,1~1
53396781c,c81,6,2002.7.31,1~1
53396781c,c81,7,2002.7.31,1~1
53396781c,c81,8,2002.7.31,1~1
53396781c,c81,9,2002.7.31,1~1
53396781c,c81,10,2002.7.31,1~1
53396781c,c81,11,2002.7.31,1~1
53396781c,c81,12,2002.7.31,1~1
53396781c,c81,13,2002.7.31,1~1
53396781c,c81,14,2002.7.31,1~1
53396781c,c81,15,2002.7.31,1~1
53396781c,c81,16,2002.7.31,1~1
53396781c,c81,17,2002.7.31,1~1
53396781c,c81,18,2002.7.31,1~1
53396781c,c81,A1,2002.7.31,0.5~2
53396781c,c81,A2,2002.7.31,0.4~2.5
53396781c,c81,A3,2002.7.31,0.6~1.66
53396781c,c81,A4,2002.7.31,0.6~1.66
53396781c,c81,A5,2002.7.31,0.8~1.25
53407003,03,1,2002.7.22,1~1
53407003,03,2,2002.7.22,1~1
53407003,03,3,2002.7.22,1~1
53407003,03,4,2002.7.22,1~1
53407003,03,5,2002.7.22,1~1
53407003,03,6,2002.7.22,1~1
53407003,03,7,2002.7.22,1~1
53407003,03,8,2002.7.22,1~1
53407003,03,9,2002.7.22,1~1
53407003,03,10,2002.7.22,1~1
53407003,03,11,2002.7.22,1~1
53407003,03,12,2002.7.22,1~1
53407003,03,13,2002.7.22,1~1
53407003,03,14,2002.7.22,1~1
53407003,03,15,2002.7.22,1~1
53407003,03,16,2002.7.22,1~1
53407003,03,17,2002.7.22,1~1
53407003,03,18,2002.7.22,1~1
53407003,03,J1,2002.7.22,10~10
53407003,03,J2,2002.7.22,10~10
53406037,37,1,2002.7.22,1~1
53406037,37,2,2002.7.22,1~1
53406037,37,3,2002.7.22,1~1
53406037,37,4,2002.7.22,1~1
53406037,37,5,2002.7.22,1~1
53406037,37,6,2002.7.22,1~1
53406037,37,7,2002.7.22,1~1
53406037,37,8,2002.7.22,1~1
53406037,37,9,2002.7.22,1~1
53406037,37,10,2002.7.22,1~1
53406037,37,11,2002.7.22,1~1
53406037,37,12,2002.7.22,1~1
53406037,37,13,2002.7.22,1~1
53406037,37,14,2002.7.22,1~1
53406037,37,15,2002.7.22,1~1
53406037,37,A1,2002.7.22,1~1
53406037,37,A2,2002.7.22,1~1
53406037,37,A3,2002.7.22,1~1
53406037,37,A4,2002.7.22,1~1
53406037,37,A5,2002.7.22,1~1
